src_ip,0
203.182.169.136,0.9999999756097567
206.45.31.9,0.999999958333335
