src_ip,mean,std
203.182.169.136,0.006202163696289062,0.012895089439507998
206.45.31.9,0.00013914704322814941,4.6188715707327725e-05
