src_ip,length,pps
203.182.169.136,105.1951219512195,89.31290646595735
206.45.31.9,155.95833333333334,52.28072573617016
